﻿Name,Date,Date Created,Status,URL
еуые,,"January 25, 2023 10:06 AM",,
Прочитать книги,,"February 18, 2022 12:23 AM",To Do,
Построить ограду на 100 кур,,"January 25, 2023 10:41 AM",To Do,
Stepik: Основы статистики,,"January 25, 2023 10:42 AM",To Do,https://stepik.org/course/76/syllabus
"Stepik: ""Поколение Python"": курс для продвинутых",,"January 25, 2023 1:46 PM",To Do,https://stepik.org/course/68343/syllabus
Stepik: Python для pre-junior Backend-разработчика,,"January 25, 2023 1:59 PM",To Do,https://stepik.org/course/122813/syllabus
Stepik: Телеграм-боты на Python и AIOgram,,"January 25, 2023 1:59 PM",To Do,https://stepik.org/course/120924/syllabus
"Stepik: Вселенная тестирования, или Как стать тестировщиком",,"January 25, 2023 2:00 PM",To Do,https://stepik.org/course/118842/syllabus
Stepik: Анализ данных просто и доступно.,,"January 25, 2023 2:00 PM",To Do,https://stepik.org/course/73952/syllabus
Stepik: Введение в Data Science и машинное обучение,,"January 25, 2023 2:02 PM",To Do,https://stepik.org/course/4852/syllabus
rewrite to nuxt3 argowmp.com,,"January 26, 2023 12:11 PM",To Do,
Задачи,,"February 1, 2023 10:16 AM",To Do,
,,"February 15, 2022 8:27 PM",,
"Hexlet: Курс python ",,"February 15, 2022 8:27 PM",Doing,